Ship,Engine,Engine ID,Fuel Pump ID,Time Til Failure (hours),Fuel Tank Feed,Date,Density (kg/m3),Water Reaction Vol Change (ml),Flash Point (celsius),Filter Blocking Tendency,Cloud Point (celsius),Sulphur (%),Colony Forming Units (CFU/ml),Water content (mg/kg)
QNLZ,DG1,QNLZ_DG1,DG1_Pump_1,5597.09,FWD DG RU,2021-08-22,808.42,1.41,67.67,1.04,-7.11,0.124,58.81,112.31
QNLZ,DG1,QNLZ_DG1,DG1_Pump_1,5609.7,FWD DG RU,2022-04-13,808.42,1.41,67.67,1.04,-7.11,0.124,58.81,112.31
QNLZ,DG1,QNLZ_DG1,DG1_Pump_1,7764.61,FWD DG RU,2023-03-03,808.42,1.41,67.67,1.04,-7.11,0.124,58.81,112.31
QNLZ,DG1,QNLZ_DG1,DG1_Pump_1,6089.35,FWD DG RU,2023-11-12,808.42,1.41,67.67,1.04,-7.11,0.124,58.81,112.31
QNLZ,DG1,QNLZ_DG1,DG1_Pump_1,7656.23,FWD DG RU,2024-09-27,808.42,1.41,67.67,1.04,-7.11,0.124,58.81,112.31
QNLZ,DG1,QNLZ_DG1,DG1_Pump_2,5988.05,FWD DG RU,2021-09-07,808.42,1.41,67.67,1.04,-7.11,0.124,58.81,112.31
QNLZ,DG1,QNLZ_DG1,DG1_Pump_2,6491.42,FWD DG RU,2022-06-05,808.42,1.41,67.67,1.04,-7.11,0.124,58.81,112.31
QNLZ,DG1,QNLZ_DG1,DG1_Pump_2,5736.95,FWD DG RU,2023-01-31,808.42,1.41,67.67,1.04,-7.11,0.124,58.81,112.31
QNLZ,DG1,QNLZ_DG1,DG1_Pump_2,8315.44,FWD DG RU,2024-01-13,808.42,1.41,67.67,1.04,-7.11,0.124,58.81,112.31
QNLZ,DG1,QNLZ_DG1,DG1_Pump_3,7305.08,FWD DG RU,2021-11-01,808.42,1.41,67.67,1.04,-7.11,0.124,58.81,112.31
QNLZ,DG1,QNLZ_DG1,DG1_Pump_3,6974.7,FWD DG RU,2022-08-19,808.42,1.41,67.67,1.04,-7.11,0.124,58.81,112.31
QNLZ,DG1,QNLZ_DG1,DG1_Pump_3,6801.9,FWD DG RU,2023-05-30,808.42,1.41,67.67,1.04,-7.11,0.124,58.81,112.31
QNLZ,DG1,QNLZ_DG1,DG1_Pump_3,8118.71,FWD DG RU,2024-05-03,808.42,1.41,67.67,1.04,-7.11,0.124,58.81,112.31
QNLZ,DG1,QNLZ_DG1,DG1_Pump_4,6225.07,FWD DG RU,2021-09-17,808.42,1.41,67.67,1.04,-7.11,0.124,58.81,112.31
QNLZ,DG1,QNLZ_DG1,DG1_Pump_4,7897.56,FWD DG RU,2022-08-13,808.42,1.41,67.67,1.04,-7.11,0.124,58.81,112.31
QNLZ,DG1,QNLZ_DG1,DG1_Pump_4,7216.68,FWD DG RU,2023-06-10,808.42,1.41,67.67,1.04,-7.11,0.124,58.81,112.31
QNLZ,DG1,QNLZ_DG1,DG1_Pump_4,6402.21,FWD DG RU,2024-03-03,808.42,1.41,67.67,1.04,-7.11,0.124,58.81,112.31
QNLZ,DG1,QNLZ_DG1,DG1_Pump_5,6764.59,FWD DG RU,2021-10-09,808.42,1.41,67.67,1.04,-7.11,0.124,58.81,112.31
QNLZ,DG1,QNLZ_DG1,DG1_Pump_5,8357.35,FWD DG RU,2022-09-23,808.42,1.41,67.67,1.04,-7.11,0.124,58.81,112.31
QNLZ,DG1,QNLZ_DG1,DG1_Pump_5,5948.53,FWD DG RU,2023-05-29,808.42,1.41,67.67,1.04,-7.11,0.124,58.81,112.31
QNLZ,DG1,QNLZ_DG1,DG1_Pump_5,7732.07,FWD DG RU,2024-04-16,808.42,1.41,67.67,1.04,-7.11,0.124,58.81,112.31
QNLZ,DG1,QNLZ_DG1,DG1_Pump_6,7623.02,FWD DG RU,2021-11-14,808.42,1.41,67.67,1.04,-7.11,0.124,58.81,112.31
QNLZ,DG1,QNLZ_DG1,DG1_Pump_6,7696.46,FWD DG RU,2022-10-01,808.42,1.41,67.67,1.04,-7.11,0.124,58.81,112.31
QNLZ,DG1,QNLZ_DG1,DG1_Pump_6,5794.14,FWD DG RU,2023-05-31,808.42,1.41,67.67,1.04,-7.11,0.124,58.81,112.31
QNLZ,DG1,QNLZ_DG1,DG1_Pump_6,5739.25,FWD DG RU,2024-01-26,808.42,1.41,67.67,1.04,-7.11,0.124,58.81,112.31
QNLZ,DG1,QNLZ_DG1,DG1_Pump_6,5808.85,FWD DG RU,2024-09-25,808.42,1.41,67.67,1.04,-7.11,0.124,58.81,112.31
QNLZ,DG1,QNLZ_DG1,DG1_Pump_7,6984.0,FWD DG RU,2021-10-19,808.42,1.41,67.67,1.04,-7.11,0.124,58.81,112.31
QNLZ,DG1,QNLZ_DG1,DG1_Pump_7,7355.42,FWD DG RU,2022-08-22,808.42,1.41,67.67,1.04,-7.11,0.124,58.81,112.31
QNLZ,DG1,QNLZ_DG1,DG1_Pump_7,5681.51,FWD DG RU,2023-04-16,808.42,1.41,67.67,1.04,-7.11,0.124,58.81,112.31
QNLZ,DG1,QNLZ_DG1,DG1_Pump_7,8101.41,FWD DG RU,2024-03-19,808.42,1.41,67.67,1.04,-7.11,0.124,58.81,112.31
QNLZ,DG1,QNLZ_DG1,DG1_Pump_8,8324.33,FWD DG RU,2021-12-13,808.42,1.41,67.67,1.04,-7.11,0.124,58.81,112.31
QNLZ,DG1,QNLZ_DG1,DG1_Pump_8,6416.44,FWD DG RU,2022-09-07,808.42,1.41,67.67,1.04,-7.11,0.124,58.81,112.31
QNLZ,DG1,QNLZ_DG1,DG1_Pump_8,7857.94,FWD DG RU,2023-08-01,808.42,1.41,67.67,1.04,-7.11,0.124,58.81,112.31
QNLZ,DG1,QNLZ_DG1,DG1_Pump_8,5652.93,FWD DG RU,2024-03-24,808.42,1.41,67.67,1.04,-7.11,0.124,58.81,112.31
QNLZ,DG1,QNLZ_DG1,DG1_Pump_9,6563.66,FWD DG RU,2021-10-01,808.42,1.41,67.67,1.04,-7.11,0.124,58.81,112.31
QNLZ,DG1,QNLZ_DG1,DG1_Pump_9,6266.59,FWD DG RU,2022-06-20,808.42,1.41,67.67,1.04,-7.11,0.124,58.81,112.31
QNLZ,DG1,QNLZ_DG1,DG1_Pump_9,7657.45,FWD DG RU,2023-05-06,808.42,1.41,67.67,1.04,-7.11,0.124,58.81,112.31
QNLZ,DG1,QNLZ_DG1,DG1_Pump_9,8059.18,FWD DG RU,2024-04-06,808.42,1.41,67.67,1.04,-7.11,0.124,58.81,112.31
QNLZ,DG1,QNLZ_DG1,DG1_Pump_10,7057.53,FWD DG RU,2021-10-22,808.42,1.41,67.67,1.04,-7.11,0.124,58.81,112.31
QNLZ,DG1,QNLZ_DG1,DG1_Pump_10,5976.04,FWD DG RU,2022-06-29,808.42,1.41,67.67,1.04,-7.11,0.124,58.81,112.31
QNLZ,DG1,QNLZ_DG1,DG1_Pump_10,6014.0,FWD DG RU,2023-03-07,808.42,1.41,67.67,1.04,-7.11,0.124,58.81,112.31
QNLZ,DG1,QNLZ_DG1,DG1_Pump_10,6266.37,FWD DG RU,2023-11-24,808.42,1.41,67.67,1.04,-7.11,0.124,58.81,112.31
QNLZ,DG1,QNLZ_DG1,DG1_Pump_10,7311.84,FWD DG RU,2024-09-24,808.42,1.41,67.67,1.04,-7.11,0.124,58.81,112.31
QNLZ,DG1,QNLZ_DG1,DG1_Pump_11,6346.01,FWD DG RU,2021-09-22,808.42,1.41,67.67,1.04,-7.11,0.124,58.81,112.31
QNLZ,DG1,QNLZ_DG1,DG1_Pump_11,7482.54,FWD DG RU,2022-07-31,808.42,1.41,67.67,1.04,-7.11,0.124,58.81,112.31
QNLZ,DG1,QNLZ_DG1,DG1_Pump_11,6287.67,FWD DG RU,2023-04-19,808.42,1.41,67.67,1.04,-7.11,0.124,58.81,112.31
QNLZ,DG1,QNLZ_DG1,DG1_Pump_11,5727.25,FWD DG RU,2023-12-14,808.42,1.41,67.67,1.04,-7.11,0.124,58.81,112.31
QNLZ,DG1,QNLZ_DG1,DG1_Pump_11,6440.38,FWD DG RU,2024-09-08,808.42,1.41,67.67,1.04,-7.11,0.124,58.81,112.31
QNLZ,DG1,QNLZ_DG1,DG1_Pump_12,6167.44,FWD DG RU,2021-09-14,808.42,1.41,67.67,1.04,-7.11,0.124,58.81,112.31
QNLZ,DG1,QNLZ_DG1,DG1_Pump_12,8282.08,FWD DG RU,2022-08-26,808.42,1.41,67.67,1.04,-7.11,0.124,58.81,112.31
QNLZ,DG1,QNLZ_DG1,DG1_Pump_12,5797.6,FWD DG RU,2023-04-25,808.42,1.41,67.67,1.04,-7.11,0.124,58.81,112.31
QNLZ,DG1,QNLZ_DG1,DG1_Pump_12,6511.91,FWD DG RU,2024-01-22,808.42,1.41,67.67,1.04,-7.11,0.124,58.81,112.31
QNLZ,DG1,QNLZ_DG1,DG1_Pump_12,5928.14,FWD DG RU,2024-09-26,808.42,1.41,67.67,1.04,-7.11,0.124,58.81,112.31
QNLZ,DG1,QNLZ_DG1,DG1_Pump_13,5581.47,FWD DG RU,2021-08-21,808.42,1.41,67.67,1.04,-7.11,0.124,58.81,112.31
QNLZ,DG1,QNLZ_DG1,DG1_Pump_13,6024.46,FWD DG RU,2022-04-30,808.42,1.41,67.67,1.04,-7.11,0.124,58.81,112.31
QNLZ,DG1,QNLZ_DG1,DG1_Pump_13,7947.79,FWD DG RU,2023-03-28,808.42,1.41,67.67,1.04,-7.11,0.124,58.81,112.31
QNLZ,DG1,QNLZ_DG1,DG1_Pump_13,6859.35,FWD DG RU,2024-01-08,808.42,1.41,67.67,1.04,-7.11,0.124,58.81,112.31
QNLZ,DG1,QNLZ_DG1,DG1_Pump_13,6028.05,FWD DG RU,2024-09-16,808.42,1.41,67.67,1.04,-7.11,0.124,58.81,112.31
QNLZ,DG1,QNLZ_DG1,DG1_Pump_14,5574.88,FWD DG RU,2021-08-21,808.42,1.41,67.67,1.04,-7.11,0.124,58.81,112.31
QNLZ,DG1,QNLZ_DG1,DG1_Pump_14,6790.79,FWD DG RU,2022-05-31,808.42,1.41,67.67,1.04,-7.11,0.124,58.81,112.31
QNLZ,DG1,QNLZ_DG1,DG1_Pump_14,6828.88,FWD DG RU,2023-03-12,808.42,1.41,67.67,1.04,-7.11,0.124,58.81,112.31
QNLZ,DG1,QNLZ_DG1,DG1_Pump_14,6782.24,FWD DG RU,2023-12-20,808.42,1.41,67.67,1.04,-7.11,0.124,58.81,112.31
QNLZ,DG1,QNLZ_DG1,DG1_Pump_15,7041.44,FWD DG RU,2021-10-21,808.42,1.41,67.67,1.04,-7.11,0.124,58.81,112.31
QNLZ,DG1,QNLZ_DG1,DG1_Pump_15,5707.03,FWD DG RU,2022-06-16,808.42,1.41,67.67,1.04,-7.11,0.124,58.81,112.31
QNLZ,DG1,QNLZ_DG1,DG1_Pump_15,6683.37,FWD DG RU,2023-03-22,808.42,1.41,67.67,1.04,-7.11,0.124,58.81,112.31
QNLZ,DG1,QNLZ_DG1,DG1_Pump_15,6295.2,FWD DG RU,2023-12-10,808.42,1.41,67.67,1.04,-7.11,0.124,58.81,112.31
QNLZ,DG1,QNLZ_DG1,DG1_Pump_16,6498.64,FWD DG RU,2021-09-28,808.42,1.41,67.67,1.04,-7.11,0.124,58.81,112.31
QNLZ,DG1,QNLZ_DG1,DG1_Pump_16,7631.31,FWD DG RU,2022-08-12,808.42,1.41,67.67,1.04,-7.11,0.124,58.81,112.31
QNLZ,DG1,QNLZ_DG1,DG1_Pump_16,7414.83,FWD DG RU,2023-06-17,808.42,1.41,67.67,1.04,-7.11,0.124,58.81,112.31
QNLZ,DG1,QNLZ_DG1,DG1_Pump_16,7731.25,FWD DG RU,2024-05-05,808.42,1.41,67.67,1.04,-7.11,0.124,58.81,112.31
QNLZ,DG2,QNLZ_DG2,DG2_Pump_1,6167.68,FWD DG RU,2021-09-14,808.42,1.41,67.67,1.04,-7.11,0.124,58.81,112.31
QNLZ,DG2,QNLZ_DG2,DG2_Pump_1,5849.19,FWD DG RU,2022-05-16,808.42,1.41,67.67,1.04,-7.11,0.124,58.81,112.31
QNLZ,DG2,QNLZ_DG2,DG2_Pump_1,5680.51,FWD DG RU,2023-01-08,808.42,1.41,67.67,1.04,-7.11,0.124,58.81,112.31
QNLZ,DG2,QNLZ_DG2,DG2_Pump_1,5991.18,FWD DG RU,2023-09-15,808.42,1.41,67.67,1.04,-7.11,0.124,58.81,112.31
QNLZ,DG2,QNLZ_DG2,DG2_Pump_1,5587.36,FWD DG RU,2024-05-05,808.42,1.41,67.67,1.04,-7.11,0.124,58.81,112.31
QNLZ,DG2,QNLZ_DG2,DG2_Pump_2,6838.29,FWD DG RU,2021-10-12,808.42,1.41,67.67,1.04,-7.11,0.124,58.81,112.31
QNLZ,DG2,QNLZ_DG2,DG2_Pump_2,7157.56,FWD DG RU,2022-08-07,808.42,1.41,67.67,1.04,-7.11,0.124,58.81,112.31
QNLZ,DG2,QNLZ_DG2,DG2_Pump_2,6100.3,FWD DG RU,2023-04-19,808.42,1.41,67.67,1.04,-7.11,0.124,58.81,112.31
QNLZ,DG2,QNLZ_DG2,DG2_Pump_2,6669.35,FWD DG RU,2024-01-22,808.42,1.41,67.67,1.04,-7.11,0.124,58.81,112.31
QNLZ,DG2,QNLZ_DG2,DG2_Pump_3,7988.56,FWD DG RU,2021-11-29,808.42,1.41,67.67,1.04,-7.11,0.124,58.81,112.31
QNLZ,DG2,QNLZ_DG2,DG2_Pump_3,7079.17,FWD DG RU,2022-09-20,808.42,1.41,67.67,1.04,-7.11,0.124,58.81,112.31
QNLZ,DG2,QNLZ_DG2,DG2_Pump_3,7719.52,FWD DG RU,2023-08-08,808.42,1.41,67.67,1.04,-7.11,0.124,58.81,112.31
QNLZ,DG2,QNLZ_DG2,DG2_Pump_3,7080.86,FWD DG RU,2024-05-30,808.42,1.41,67.67,1.04,-7.11,0.124,58.81,112.31
QNLZ,DG2,QNLZ_DG2,DG2_Pump_4,6285.33,FWD DG RU,2021-09-19,808.42,1.41,67.67,1.04,-7.11,0.124,58.81,112.31
QNLZ,DG2,QNLZ_DG2,DG2_Pump_4,7793.18,FWD DG RU,2022-08-10,808.42,1.41,67.67,1.04,-7.11,0.124,58.81,112.31
QNLZ,DG2,QNLZ_DG2,DG2_Pump_4,5700.49,FWD DG RU,2023-04-05,808.42,1.41,67.67,1.04,-7.11,0.124,58.81,112.31
QNLZ,DG2,QNLZ_DG2,DG2_Pump_4,5956.12,FWD DG RU,2023-12-10,808.42,1.41,67.67,1.04,-7.11,0.124,58.81,112.31
QNLZ,DG2,QNLZ_DG2,DG2_Pump_4,5707.86,FWD DG RU,2024-08-04,808.42,1.41,67.67,1.04,-7.11,0.124,58.81,112.31
QNLZ,DG2,QNLZ_DG2,DG2_Pump_5,6896.67,FWD DG RU,2021-10-15,808.42,1.41,67.67,1.04,-7.11,0.124,58.81,112.31
QNLZ,DG2,QNLZ_DG2,DG2_Pump_5,5906.48,FWD DG RU,2022-06-19,808.42,1.41,67.67,1.04,-7.11,0.124,58.81,112.31
QNLZ,DG2,QNLZ_DG2,DG2_Pump_5,5926.52,FWD DG RU,2023-02-21,808.42,1.41,67.67,1.04,-7.11,0.124,58.81,112.31
QNLZ,DG2,QNLZ_DG2,DG2_Pump_5,6652.63,FWD DG RU,2023-11-26,808.42,1.41,67.67,1.04,-7.11,0.124,58.81,112.31
QNLZ,DG2,QNLZ_DG2,DG2_Pump_5,5593.62,FWD DG RU,2024-07-17,808.42,1.41,67.67,1.04,-7.11,0.124,58.81,112.31
QNLZ,DG2,QNLZ_DG2,DG2_Pump_6,5752.9,FWD DG RU,2021-08-28,808.42,1.41,67.67,1.04,-7.11,0.124,58.81,112.31
QNLZ,DG2,QNLZ_DG2,DG2_Pump_6,7464.49,FWD DG RU,2022-07-06,808.42,1.41,67.67,1.04,-7.11,0.124,58.81,112.31
QNLZ,DG2,QNLZ_DG2,DG2_Pump_6,7588.29,FWD DG RU,2023-05-19,808.42,1.41,67.67,1.04,-7.11,0.124,58.81,112.31
QNLZ,DG2,QNLZ_DG2,DG2_Pump_6,7275.41,FWD DG RU,2024-03-18,808.42,1.41,67.67,1.04,-7.11,0.124,58.81,112.31
QNLZ,DG2,QNLZ_DG2,DG2_Pump_7,6012.28,FWD DG RU,2021-09-08,808.42,1.41,67.67,1.04,-7.11,0.124,58.81,112.31
QNLZ,DG2,QNLZ_DG2,DG2_Pump_7,6046.23,FWD DG RU,2022-05-18,808.42,1.41,67.67,1.04,-7.11,0.124,58.81,112.31
QNLZ,DG2,QNLZ_DG2,DG2_Pump_7,6478.5,FWD DG RU,2023-02-12,808.42,1.41,67.67,1.04,-7.11,0.124,58.81,112.31
QNLZ,DG2,QNLZ_DG2,DG2_Pump_7,7170.77,FWD DG RU,2023-12-08,808.42,1.41,67.67,1.04,-7.11,0.124,58.81,112.31
QNLZ,DG2,QNLZ_DG2,DG2_Pump_7,5862.54,FWD DG RU,2024-08-09,808.42,1.41,67.67,1.04,-7.11,0.124,58.81,112.31
QNLZ,DG2,QNLZ_DG2,DG2_Pump_8,7547.81,FWD DG RU,2021-11-11,808.42,1.41,67.67,1.04,-7.11,0.124,58.81,112.31
QNLZ,DG2,QNLZ_DG2,DG2_Pump_8,5684.92,FWD DG RU,2022-07-06,808.42,1.41,67.67,1.04,-7.11,0.124,58.81,112.31
QNLZ,DG2,QNLZ_DG2,DG2_Pump_8,6075.93,FWD DG RU,2023-03-17,808.42,1.41,67.67,1.04,-7.11,0.124,58.81,112.31
QNLZ,DG2,QNLZ_DG2,DG2_Pump_8,6958.8,FWD DG RU,2024-01-01,808.42,1.41,67.67,1.04,-7.11,0.124,58.81,112.31
QNLZ,DG2,QNLZ_DG2,DG2_Pump_8,5969.72,FWD DG RU,2024-09-06,808.42,1.41,67.67,1.04,-7.11,0.124,58.81,112.31
QNLZ,DG2,QNLZ_DG2,DG2_Pump_9,7251.25,FWD DG RU,2021-10-30,808.42,1.41,67.67,1.04,-7.11,0.124,58.81,112.31
QNLZ,DG2,QNLZ_DG2,DG2_Pump_9,6499.83,FWD DG RU,2022-07-28,808.42,1.41,67.67,1.04,-7.11,0.124,58.81,112.31
QNLZ,DG2,QNLZ_DG2,DG2_Pump_9,5884.99,FWD DG RU,2023-03-31,808.42,1.41,67.67,1.04,-7.11,0.124,58.81,112.31
QNLZ,DG2,QNLZ_DG2,DG2_Pump_9,6373.26,FWD DG RU,2023-12-22,808.42,1.41,67.67,1.04,-7.11,0.124,58.81,112.31
QNLZ,DG2,QNLZ_DG2,DG2_Pump_10,8247.4,FWD DG RU,2021-12-10,808.42,1.41,67.67,1.04,-7.11,0.124,58.81,112.31
QNLZ,DG2,QNLZ_DG2,DG2_Pump_10,6291.61,FWD DG RU,2022-08-30,808.42,1.41,67.67,1.04,-7.11,0.124,58.81,112.31
QNLZ,DG2,QNLZ_DG2,DG2_Pump_10,5706.69,FWD DG RU,2023-04-25,808.42,1.41,67.67,1.04,-7.11,0.124,58.81,112.31
QNLZ,DG2,QNLZ_DG2,DG2_Pump_10,6894.94,FWD DG RU,2024-02-07,808.42,1.41,67.67,1.04,-7.11,0.124,58.81,112.31
QNLZ,DG2,QNLZ_DG2,DG2_Pump_11,6577.1,FWD DG RU,2021-10-02,808.42,1.41,67.67,1.04,-7.11,0.124,58.81,112.31
QNLZ,DG2,QNLZ_DG2,DG2_Pump_11,6014.21,FWD DG RU,2022-06-10,808.42,1.41,67.67,1.04,-7.11,0.124,58.81,112.31
QNLZ,DG2,QNLZ_DG2,DG2_Pump_11,6051.43,FWD DG RU,2023-02-18,808.42,1.41,67.67,1.04,-7.11,0.124,58.81,112.31
QNLZ,DG2,QNLZ_DG2,DG2_Pump_11,6694.41,FWD DG RU,2023-11-24,808.42,1.41,67.67,1.04,-7.11,0.124,58.81,112.31
QNLZ,DG2,QNLZ_DG2,DG2_Pump_11,6191.62,FWD DG RU,2024-08-08,808.42,1.41,67.67,1.04,-7.11,0.124,58.81,112.31
QNLZ,DG2,QNLZ_DG2,DG2_Pump_12,5661.88,FWD DG RU,2021-08-24,808.42,1.41,67.67,1.04,-7.11,0.124,58.81,112.31
QNLZ,DG2,QNLZ_DG2,DG2_Pump_12,6026.68,FWD DG RU,2022-05-03,808.42,1.41,67.67,1.04,-7.11,0.124,58.81,112.31
QNLZ,DG2,QNLZ_DG2,DG2_Pump_12,7029.25,FWD DG RU,2023-02-20,808.42,1.41,67.67,1.04,-7.11,0.124,58.81,112.31
QNLZ,DG2,QNLZ_DG2,DG2_Pump_12,6921.11,FWD DG RU,2023-12-06,808.42,1.41,67.67,1.04,-7.11,0.124,58.81,112.31
QNLZ,DG2,QNLZ_DG2,DG2_Pump_12,5874.38,FWD DG RU,2024-08-07,808.42,1.41,67.67,1.04,-7.11,0.124,58.81,112.31
QNLZ,DG2,QNLZ_DG2,DG2_Pump_13,5887.12,FWD DG RU,2021-09-03,808.42,1.41,67.67,1.04,-7.11,0.124,58.81,112.31
QNLZ,DG2,QNLZ_DG2,DG2_Pump_13,7183.44,FWD DG RU,2022-06-30,808.42,1.41,67.67,1.04,-7.11,0.124,58.81,112.31
QNLZ,DG2,QNLZ_DG2,DG2_Pump_13,6479.22,FWD DG RU,2023-03-27,808.42,1.41,67.67,1.04,-7.11,0.124,58.81,112.31
QNLZ,DG2,QNLZ_DG2,DG2_Pump_13,7302.87,FWD DG RU,2024-01-26,808.42,1.41,67.67,1.04,-7.11,0.124,58.81,112.31
QNLZ,DG2,QNLZ_DG2,DG2_Pump_14,6118.38,FWD DG RU,2021-09-12,808.42,1.41,67.67,1.04,-7.11,0.124,58.81,112.31
QNLZ,DG2,QNLZ_DG2,DG2_Pump_14,6410.03,FWD DG RU,2022-06-07,808.42,1.41,67.67,1.04,-7.11,0.124,58.81,112.31
QNLZ,DG2,QNLZ_DG2,DG2_Pump_14,5638.54,FWD DG RU,2023-01-28,808.42,1.41,67.67,1.04,-7.11,0.124,58.81,112.31
QNLZ,DG2,QNLZ_DG2,DG2_Pump_14,6247.5,FWD DG RU,2023-10-16,808.42,1.41,67.67,1.04,-7.11,0.124,58.81,112.31
QNLZ,DG2,QNLZ_DG2,DG2_Pump_14,7027.78,FWD DG RU,2024-08-04,808.42,1.41,67.67,1.04,-7.11,0.124,58.81,112.31
QNLZ,DG2,QNLZ_DG2,DG2_Pump_15,6726.19,FWD DG RU,2021-10-08,808.42,1.41,67.67,1.04,-7.11,0.124,58.81,112.31
QNLZ,DG2,QNLZ_DG2,DG2_Pump_15,7973.0,FWD DG RU,2022-09-06,808.42,1.41,67.67,1.04,-7.11,0.124,58.81,112.31
QNLZ,DG2,QNLZ_DG2,DG2_Pump_15,7315.12,FWD DG RU,2023-07-08,808.42,1.41,67.67,1.04,-7.11,0.124,58.81,112.31
QNLZ,DG2,QNLZ_DG2,DG2_Pump_15,5960.98,FWD DG RU,2024-03-13,808.42,1.41,67.67,1.04,-7.11,0.124,58.81,112.31
QNLZ,DG2,QNLZ_DG2,DG2_Pump_16,6871.52,FWD DG RU,2021-10-14,808.42,1.41,67.67,1.04,-7.11,0.124,58.81,112.31
QNLZ,DG2,QNLZ_DG2,DG2_Pump_16,5891.55,FWD DG RU,2022-06-17,808.42,1.41,67.67,1.04,-7.11,0.124,58.81,112.31
QNLZ,DG2,QNLZ_DG2,DG2_Pump_16,6204.22,FWD DG RU,2023-03-03,808.42,1.41,67.67,1.04,-7.11,0.124,58.81,112.31
QNLZ,DG2,QNLZ_DG2,DG2_Pump_16,6405.85,FWD DG RU,2023-11-25,808.42,1.41,67.67,1.04,-7.11,0.124,58.81,112.31
QNLZ,DG3,QNLZ_DG3,DG3_Pump_1,7799.67,AFT DG RU,2021-11-21,806.41,1.9,69.02,1.35,-6.5,0.102,56.31,104.25
QNLZ,DG3,QNLZ_DG3,DG3_Pump_1,5503.22,AFT DG RU,2022-07-09,806.41,1.9,69.02,1.35,-6.5,0.102,56.31,104.25
QNLZ,DG3,QNLZ_DG3,DG3_Pump_1,6690.22,AFT DG RU,2023-04-14,806.41,1.9,69.02,1.35,-6.5,0.102,56.31,104.25
QNLZ,DG3,QNLZ_DG3,DG3_Pump_1,5816.32,AFT DG RU,2023-12-13,806.41,1.9,69.02,1.35,-6.5,0.102,56.31,104.25
QNLZ,DG3,QNLZ_DG3,DG3_Pump_2,6027.26,AFT DG RU,2021-09-09,806.41,1.9,69.02,1.35,-6.5,0.102,56.31,104.25
QNLZ,DG3,QNLZ_DG3,DG3_Pump_2,5988.52,AFT DG RU,2022-05-17,806.41,1.9,69.02,1.35,-6.5,0.102,56.31,104.25
QNLZ,DG3,QNLZ_DG3,DG3_Pump_2,7503.73,AFT DG RU,2023-03-26,806.41,1.9,69.02,1.35,-6.5,0.102,56.31,104.25
QNLZ,DG3,QNLZ_DG3,DG3_Pump_2,5780.08,AFT DG RU,2023-11-22,806.41,1.9,69.02,1.35,-6.5,0.102,56.31,104.25
QNLZ,DG3,QNLZ_DG3,DG3_Pump_3,5531.2,AFT DG RU,2021-08-19,806.41,1.9,69.02,1.35,-6.5,0.102,56.31,104.25
QNLZ,DG3,QNLZ_DG3,DG3_Pump_3,7209.65,AFT DG RU,2022-06-16,806.41,1.9,69.02,1.35,-6.5,0.102,56.31,104.25
QNLZ,DG3,QNLZ_DG3,DG3_Pump_3,7096.56,AFT DG RU,2023-04-08,806.41,1.9,69.02,1.35,-6.5,0.102,56.31,104.25
QNLZ,DG3,QNLZ_DG3,DG3_Pump_3,6660.59,AFT DG RU,2024-01-11,806.41,1.9,69.02,1.35,-6.5,0.102,56.31,104.25
QNLZ,DG3,QNLZ_DG3,DG3_Pump_4,7535.94,AFT DG RU,2021-11-10,806.41,1.9,69.02,1.35,-6.5,0.102,56.31,104.25
QNLZ,DG3,QNLZ_DG3,DG3_Pump_4,7402.14,AFT DG RU,2022-09-15,806.41,1.9,69.02,1.35,-6.5,0.102,56.31,104.25
QNLZ,DG3,QNLZ_DG3,DG3_Pump_4,6437.62,AFT DG RU,2023-06-11,806.41,1.9,69.02,1.35,-6.5,0.102,56.31,104.25
QNLZ,DG3,QNLZ_DG3,DG3_Pump_4,6036.25,AFT DG RU,2024-02-18,806.41,1.9,69.02,1.35,-6.5,0.102,56.31,104.25
QNLZ,DG3,QNLZ_DG3,DG3_Pump_5,6031.96,AFT DG RU,2021-09-09,806.41,1.9,69.02,1.35,-6.5,0.102,56.31,104.25
QNLZ,DG3,QNLZ_DG3,DG3_Pump_5,5951.94,AFT DG RU,2022-05-15,806.41,1.9,69.02,1.35,-6.5,0.102,56.31,104.25
QNLZ,DG3,QNLZ_DG3,DG3_Pump_5,5778.55,AFT DG RU,2023-01-11,806.41,1.9,69.02,1.35,-6.5,0.102,56.31,104.25
QNLZ,DG3,QNLZ_DG3,DG3_Pump_5,5779.43,AFT DG RU,2023-09-09,806.41,1.9,69.02,1.35,-6.5,0.102,56.31,104.25
QNLZ,DG3,QNLZ_DG3,DG3_Pump_5,5443.31,AFT DG RU,2024-04-23,806.41,1.9,69.02,1.35,-6.5,0.102,56.31,104.25
QNLZ,DG3,QNLZ_DG3,DG3_Pump_6,7081.03,AFT DG RU,2021-10-23,806.41,1.9,69.02,1.35,-6.5,0.102,56.31,104.25
QNLZ,DG3,QNLZ_DG3,DG3_Pump_6,6377.34,AFT DG RU,2022-07-16,806.41,1.9,69.02,1.35,-6.5,0.102,56.31,104.25
QNLZ,DG3,QNLZ_DG3,DG3_Pump_6,6903.82,AFT DG RU,2023-04-30,806.41,1.9,69.02,1.35,-6.5,0.102,56.31,104.25
QNLZ,DG3,QNLZ_DG3,DG3_Pump_6,7961.02,AFT DG RU,2024-03-27,806.41,1.9,69.02,1.35,-6.5,0.102,56.31,104.25
QNLZ,DG3,QNLZ_DG3,DG3_Pump_7,6095.98,AFT DG RU,2021-09-11,806.41,1.9,69.02,1.35,-6.5,0.102,56.31,104.25
QNLZ,DG3,QNLZ_DG3,DG3_Pump_7,5860.89,AFT DG RU,2022-05-14,806.41,1.9,69.02,1.35,-6.5,0.102,56.31,104.25
QNLZ,DG3,QNLZ_DG3,DG3_Pump_7,6147.36,AFT DG RU,2023-01-26,806.41,1.9,69.02,1.35,-6.5,0.102,56.31,104.25
QNLZ,DG3,QNLZ_DG3,DG3_Pump_7,7038.69,AFT DG RU,2023-11-16,806.41,1.9,69.02,1.35,-6.5,0.102,56.31,104.25
QNLZ,DG3,QNLZ_DG3,DG3_Pump_7,5677.37,AFT DG RU,2024-07-10,806.41,1.9,69.02,1.35,-6.5,0.102,56.31,104.25
QNLZ,DG3,QNLZ_DG3,DG3_Pump_8,6735.29,AFT DG RU,2021-10-08,806.41,1.9,69.02,1.35,-6.5,0.102,56.31,104.25
QNLZ,DG3,QNLZ_DG3,DG3_Pump_8,6845.56,AFT DG RU,2022-07-21,806.41,1.9,69.02,1.35,-6.5,0.102,56.31,104.25
QNLZ,DG3,QNLZ_DG3,DG3_Pump_8,6625.32,AFT DG RU,2023-04-24,806.41,1.9,69.02,1.35,-6.5,0.102,56.31,104.25
QNLZ,DG3,QNLZ_DG3,DG3_Pump_8,6639.14,AFT DG RU,2024-01-26,806.41,1.9,69.02,1.35,-6.5,0.102,56.31,104.25
QNLZ,DG3,QNLZ_DG3,DG3_Pump_9,5686.31,AFT DG RU,2021-08-25,806.41,1.9,69.02,1.35,-6.5,0.102,56.31,104.25
QNLZ,DG3,QNLZ_DG3,DG3_Pump_9,6050.96,AFT DG RU,2022-05-05,806.41,1.9,69.02,1.35,-6.5,0.102,56.31,104.25
QNLZ,DG3,QNLZ_DG3,DG3_Pump_9,7674.97,AFT DG RU,2023-03-21,806.41,1.9,69.02,1.35,-6.5,0.102,56.31,104.25
QNLZ,DG3,QNLZ_DG3,DG3_Pump_9,7140.46,AFT DG RU,2024-01-13,806.41,1.9,69.02,1.35,-6.5,0.102,56.31,104.25
QNLZ,DG3,QNLZ_DG3,DG3_Pump_10,6580.46,AFT DG RU,2021-10-02,806.41,1.9,69.02,1.35,-6.5,0.102,56.31,104.25
QNLZ,DG3,QNLZ_DG3,DG3_Pump_10,7337.76,AFT DG RU,2022-08-04,806.41,1.9,69.02,1.35,-6.5,0.102,56.31,104.25
QNLZ,DG3,QNLZ_DG3,DG3_Pump_10,7827.82,AFT DG RU,2023-06-27,806.41,1.9,69.02,1.35,-6.5,0.102,56.31,104.25
QNLZ,DG3,QNLZ_DG3,DG3_Pump_10,6047.0,AFT DG RU,2024-03-05,806.41,1.9,69.02,1.35,-6.5,0.102,56.31,104.25
QNLZ,DG3,QNLZ_DG3,DG3_Pump_11,5592.85,AFT DG RU,2021-08-22,806.41,1.9,69.02,1.35,-6.5,0.102,56.31,104.25
QNLZ,DG3,QNLZ_DG3,DG3_Pump_11,5447.79,AFT DG RU,2022-04-06,806.41,1.9,69.02,1.35,-6.5,0.102,56.31,104.25
QNLZ,DG3,QNLZ_DG3,DG3_Pump_11,8109.87,AFT DG RU,2023-03-10,806.41,1.9,69.02,1.35,-6.5,0.102,56.31,104.25
QNLZ,DG3,QNLZ_DG3,DG3_Pump_11,7224.45,AFT DG RU,2024-01-06,806.41,1.9,69.02,1.35,-6.5,0.102,56.31,104.25
QNLZ,DG3,QNLZ_DG3,DG3_Pump_11,5440.87,AFT DG RU,2024-08-20,806.41,1.9,69.02,1.35,-6.5,0.102,56.31,104.25
QNLZ,DG3,QNLZ_DG3,DG3_Pump_12,7075.34,AFT DG RU,2021-10-22,806.41,1.9,69.02,1.35,-6.5,0.102,56.31,104.25
QNLZ,DG3,QNLZ_DG3,DG3_Pump_12,5499.23,AFT DG RU,2022-06-09,806.41,1.9,69.02,1.35,-6.5,0.102,56.31,104.25
QNLZ,DG3,QNLZ_DG3,DG3_Pump_12,7157.78,AFT DG RU,2023-04-04,806.41,1.9,69.02,1.35,-6.5,0.102,56.31,104.25
QNLZ,DG3,QNLZ_DG3,DG3_Pump_12,5563.85,AFT DG RU,2023-11-22,806.41,1.9,69.02,1.35,-6.5,0.102,56.31,104.25
QNLZ,DG3,QNLZ_DG3,DG3_Pump_12,5478.49,AFT DG RU,2024-07-08,806.41,1.9,69.02,1.35,-6.5,0.102,56.31,104.25
QNLZ,DG4,QNLZ_DG4,DG4_Pump_1,7348.47,AFT DG RU,2021-11-03,806.41,1.9,69.02,1.35,-6.5,0.102,56.31,104.25
QNLZ,DG4,QNLZ_DG4,DG4_Pump_1,6138.04,AFT DG RU,2022-07-17,806.41,1.9,69.02,1.35,-6.5,0.102,56.31,104.25
QNLZ,DG4,QNLZ_DG4,DG4_Pump_1,5520.71,AFT DG RU,2023-03-05,806.41,1.9,69.02,1.35,-6.5,0.102,56.31,104.25
QNLZ,DG4,QNLZ_DG4,DG4_Pump_1,6010.41,AFT DG RU,2023-11-11,806.41,1.9,69.02,1.35,-6.5,0.102,56.31,104.25
QNLZ,DG4,QNLZ_DG4,DG4_Pump_1,5960.86,AFT DG RU,2024-07-17,806.41,1.9,69.02,1.35,-6.5,0.102,56.31,104.25
QNLZ,DG4,QNLZ_DG4,DG4_Pump_2,6399.58,AFT DG RU,2021-09-24,806.41,1.9,69.02,1.35,-6.5,0.102,56.31,104.25
QNLZ,DG4,QNLZ_DG4,DG4_Pump_2,5473.38,AFT DG RU,2022-05-11,806.41,1.9,69.02,1.35,-6.5,0.102,56.31,104.25
QNLZ,DG4,QNLZ_DG4,DG4_Pump_2,6079.97,AFT DG RU,2023-01-20,806.41,1.9,69.02,1.35,-6.5,0.102,56.31,104.25
QNLZ,DG4,QNLZ_DG4,DG4_Pump_2,7106.39,AFT DG RU,2023-11-13,806.41,1.9,69.02,1.35,-6.5,0.102,56.31,104.25
QNLZ,DG4,QNLZ_DG4,DG4_Pump_2,6020.96,AFT DG RU,2024-07-21,806.41,1.9,69.02,1.35,-6.5,0.102,56.31,104.25
QNLZ,DG4,QNLZ_DG4,DG4_Pump_3,7195.81,AFT DG RU,2021-10-27,806.41,1.9,69.02,1.35,-6.5,0.102,56.31,104.25
QNLZ,DG4,QNLZ_DG4,DG4_Pump_3,8114.71,AFT DG RU,2022-10-01,806.41,1.9,69.02,1.35,-6.5,0.102,56.31,104.25
QNLZ,DG4,QNLZ_DG4,DG4_Pump_3,6318.4,AFT DG RU,2023-06-22,806.41,1.9,69.02,1.35,-6.5,0.102,56.31,104.25
QNLZ,DG4,QNLZ_DG4,DG4_Pump_3,5843.96,AFT DG RU,2024-02-21,806.41,1.9,69.02,1.35,-6.5,0.102,56.31,104.25
QNLZ,DG4,QNLZ_DG4,DG4_Pump_4,6951.45,AFT DG RU,2021-10-17,806.41,1.9,69.02,1.35,-6.5,0.102,56.31,104.25
QNLZ,DG4,QNLZ_DG4,DG4_Pump_4,5724.7,AFT DG RU,2022-06-13,806.41,1.9,69.02,1.35,-6.5,0.102,56.31,104.25
QNLZ,DG4,QNLZ_DG4,DG4_Pump_4,8050.19,AFT DG RU,2023-05-15,806.41,1.9,69.02,1.35,-6.5,0.102,56.31,104.25
QNLZ,DG4,QNLZ_DG4,DG4_Pump_4,7025.58,AFT DG RU,2024-03-03,806.41,1.9,69.02,1.35,-6.5,0.102,56.31,104.25
QNLZ,DG4,QNLZ_DG4,DG4_Pump_5,8003.93,AFT DG RU,2021-11-30,806.41,1.9,69.02,1.35,-6.5,0.102,56.31,104.25
QNLZ,DG4,QNLZ_DG4,DG4_Pump_5,6092.7,AFT DG RU,2022-08-11,806.41,1.9,69.02,1.35,-6.5,0.102,56.31,104.25
QNLZ,DG4,QNLZ_DG4,DG4_Pump_5,5539.21,AFT DG RU,2023-03-30,806.41,1.9,69.02,1.35,-6.5,0.102,56.31,104.25
QNLZ,DG4,QNLZ_DG4,DG4_Pump_5,7223.44,AFT DG RU,2024-01-25,806.41,1.9,69.02,1.35,-6.5,0.102,56.31,104.25
QNLZ,DG4,QNLZ_DG4,DG4_Pump_6,8115.95,AFT DG RU,2021-12-05,806.41,1.9,69.02,1.35,-6.5,0.102,56.31,104.25
QNLZ,DG4,QNLZ_DG4,DG4_Pump_6,6906.17,AFT DG RU,2022-09-19,806.41,1.9,69.02,1.35,-6.5,0.102,56.31,104.25
QNLZ,DG4,QNLZ_DG4,DG4_Pump_6,6057.63,AFT DG RU,2023-05-30,806.41,1.9,69.02,1.35,-6.5,0.102,56.31,104.25
QNLZ,DG4,QNLZ_DG4,DG4_Pump_6,6934.86,AFT DG RU,2024-03-14,806.41,1.9,69.02,1.35,-6.5,0.102,56.31,104.25
QNLZ,DG4,QNLZ_DG4,DG4_Pump_7,5742.07,AFT DG RU,2021-08-28,806.41,1.9,69.02,1.35,-6.5,0.102,56.31,104.25
QNLZ,DG4,QNLZ_DG4,DG4_Pump_7,6143.17,AFT DG RU,2022-05-11,806.41,1.9,69.02,1.35,-6.5,0.102,56.31,104.25
QNLZ,DG4,QNLZ_DG4,DG4_Pump_7,5598.57,AFT DG RU,2022-12-31,806.41,1.9,69.02,1.35,-6.5,0.102,56.31,104.25
QNLZ,DG4,QNLZ_DG4,DG4_Pump_7,6293.29,AFT DG RU,2023-09-20,806.41,1.9,69.02,1.35,-6.5,0.102,56.31,104.25
QNLZ,DG4,QNLZ_DG4,DG4_Pump_7,7757.12,AFT DG RU,2024-08-09,806.41,1.9,69.02,1.35,-6.5,0.102,56.31,104.25
QNLZ,DG4,QNLZ_DG4,DG4_Pump_8,5695.92,AFT DG RU,2021-08-26,806.41,1.9,69.02,1.35,-6.5,0.102,56.31,104.25
QNLZ,DG4,QNLZ_DG4,DG4_Pump_8,6278.11,AFT DG RU,2022-05-15,806.41,1.9,69.02,1.35,-6.5,0.102,56.31,104.25
QNLZ,DG4,QNLZ_DG4,DG4_Pump_8,5927.41,AFT DG RU,2023-01-17,806.41,1.9,69.02,1.35,-6.5,0.102,56.31,104.25
QNLZ,DG4,QNLZ_DG4,DG4_Pump_8,7546.85,AFT DG RU,2023-11-28,806.41,1.9,69.02,1.35,-6.5,0.102,56.31,104.25
QNLZ,DG4,QNLZ_DG4,DG4_Pump_8,6845.73,AFT DG RU,2024-09-09,806.41,1.9,69.02,1.35,-6.5,0.102,56.31,104.25
QNLZ,DG4,QNLZ_DG4,DG4_Pump_9,6257.1,AFT DG RU,2021-09-18,806.41,1.9,69.02,1.35,-6.5,0.102,56.31,104.25
QNLZ,DG4,QNLZ_DG4,DG4_Pump_9,6514.41,AFT DG RU,2022-06-17,806.41,1.9,69.02,1.35,-6.5,0.102,56.31,104.25
QNLZ,DG4,QNLZ_DG4,DG4_Pump_9,6090.09,AFT DG RU,2023-02-26,806.41,1.9,69.02,1.35,-6.5,0.102,56.31,104.25
QNLZ,DG4,QNLZ_DG4,DG4_Pump_9,6084.71,AFT DG RU,2023-11-07,806.41,1.9,69.02,1.35,-6.5,0.102,56.31,104.25
QNLZ,DG4,QNLZ_DG4,DG4_Pump_9,7550.39,AFT DG RU,2024-09-17,806.41,1.9,69.02,1.35,-6.5,0.102,56.31,104.25
QNLZ,DG4,QNLZ_DG4,DG4_Pump_10,6620.9,AFT DG RU,2021-10-03,806.41,1.9,69.02,1.35,-6.5,0.102,56.31,104.25
QNLZ,DG4,QNLZ_DG4,DG4_Pump_10,5471.84,AFT DG RU,2022-05-19,806.41,1.9,69.02,1.35,-6.5,0.102,56.31,104.25
QNLZ,DG4,QNLZ_DG4,DG4_Pump_10,7377.51,AFT DG RU,2023-03-23,806.41,1.9,69.02,1.35,-6.5,0.102,56.31,104.25
QNLZ,DG4,QNLZ_DG4,DG4_Pump_10,6603.78,AFT DG RU,2023-12-24,806.41,1.9,69.02,1.35,-6.5,0.102,56.31,104.25
QNLZ,DG4,QNLZ_DG4,DG4_Pump_11,6416.72,AFT DG RU,2021-09-25,806.41,1.9,69.02,1.35,-6.5,0.102,56.31,104.25
QNLZ,DG4,QNLZ_DG4,DG4_Pump_11,6992.84,AFT DG RU,2022-07-14,806.41,1.9,69.02,1.35,-6.5,0.102,56.31,104.25
QNLZ,DG4,QNLZ_DG4,DG4_Pump_11,5745.2,AFT DG RU,2023-03-11,806.41,1.9,69.02,1.35,-6.5,0.102,56.31,104.25
QNLZ,DG4,QNLZ_DG4,DG4_Pump_11,6096.6,AFT DG RU,2023-11-21,806.41,1.9,69.02,1.35,-6.5,0.102,56.31,104.25
QNLZ,DG4,QNLZ_DG4,DG4_Pump_12,5862.56,AFT DG RU,2021-09-02,806.41,1.9,69.02,1.35,-6.5,0.102,56.31,104.25
QNLZ,DG4,QNLZ_DG4,DG4_Pump_12,7779.02,AFT DG RU,2022-07-24,806.41,1.9,69.02,1.35,-6.5,0.102,56.31,104.25
QNLZ,DG4,QNLZ_DG4,DG4_Pump_12,6406.14,AFT DG RU,2023-04-17,806.41,1.9,69.02,1.35,-6.5,0.102,56.31,104.25
QNLZ,DG4,QNLZ_DG4,DG4_Pump_12,6804.9,AFT DG RU,2024-01-26,806.41,1.9,69.02,1.35,-6.5,0.102,56.31,104.25
PWLS,DG1,PWLS_DG1,DG1_Pump_1,6121.92,FWD DG RU,2021-09-13,811.62,0.73,69.3,1.29,3.74,0.218,59.18,76.55
PWLS,DG1,PWLS_DG1,DG1_Pump_1,8767.93,FWD DG RU,2022-09-14,811.62,0.73,69.3,1.29,3.74,0.218,59.18,76.55
PWLS,DG1,PWLS_DG1,DG1_Pump_1,7170.81,FWD DG RU,2023-07-10,811.62,0.73,69.3,1.29,3.74,0.218,59.18,76.55
PWLS,DG1,PWLS_DG1,DG1_Pump_1,7578.62,FWD DG RU,2024-05-21,811.62,0.73,69.3,1.29,3.74,0.218,59.18,76.55
PWLS,DG1,PWLS_DG1,DG1_Pump_2,7549.13,FWD DG RU,2021-11-11,811.62,0.73,69.3,1.29,3.74,0.218,59.18,76.55
PWLS,DG1,PWLS_DG1,DG1_Pump_2,8716.05,FWD DG RU,2022-11-10,811.62,0.73,69.3,1.29,3.74,0.218,59.18,76.55
PWLS,DG1,PWLS_DG1,DG1_Pump_2,7585.51,FWD DG RU,2023-09-23,811.62,0.73,69.3,1.29,3.74,0.218,59.18,76.55
PWLS,DG1,PWLS_DG1,DG1_Pump_2,7186.44,FWD DG RU,2024-07-19,811.62,0.73,69.3,1.29,3.74,0.218,59.18,76.55
PWLS,DG1,PWLS_DG1,DG1_Pump_3,6517.7,FWD DG RU,2021-09-29,811.62,0.73,69.3,1.29,3.74,0.218,59.18,76.55
PWLS,DG1,PWLS_DG1,DG1_Pump_3,6322.05,FWD DG RU,2022-06-20,811.62,0.73,69.3,1.29,3.74,0.218,59.18,76.55
PWLS,DG1,PWLS_DG1,DG1_Pump_3,6013.54,FWD DG RU,2023-02-26,811.62,0.73,69.3,1.29,3.74,0.218,59.18,76.55
PWLS,DG1,PWLS_DG1,DG1_Pump_3,6600.72,FWD DG RU,2023-11-29,811.62,0.73,69.3,1.29,3.74,0.218,59.18,76.55
PWLS,DG1,PWLS_DG1,DG1_Pump_3,6583.49,FWD DG RU,2024-08-30,811.62,0.73,69.3,1.29,3.74,0.218,59.18,76.55
PWLS,DG1,PWLS_DG1,DG1_Pump_4,6893.66,FWD DG RU,2021-10-15,811.62,0.73,69.3,1.29,3.74,0.218,59.18,76.55
PWLS,DG1,PWLS_DG1,DG1_Pump_4,7415.18,FWD DG RU,2022-08-20,811.62,0.73,69.3,1.29,3.74,0.218,59.18,76.55
PWLS,DG1,PWLS_DG1,DG1_Pump_4,6194.39,FWD DG RU,2023-05-06,811.62,0.73,69.3,1.29,3.74,0.218,59.18,76.55
PWLS,DG1,PWLS_DG1,DG1_Pump_4,6978.66,FWD DG RU,2024-02-21,811.62,0.73,69.3,1.29,3.74,0.218,59.18,76.55
PWLS,DG1,PWLS_DG1,DG1_Pump_5,7942.48,FWD DG RU,2021-11-27,811.62,0.73,69.3,1.29,3.74,0.218,59.18,76.55
PWLS,DG1,PWLS_DG1,DG1_Pump_5,8007.34,FWD DG RU,2022-10-27,811.62,0.73,69.3,1.29,3.74,0.218,59.18,76.55
PWLS,DG1,PWLS_DG1,DG1_Pump_5,8035.76,FWD DG RU,2023-09-27,811.62,0.73,69.3,1.29,3.74,0.218,59.18,76.55
PWLS,DG1,PWLS_DG1,DG1_Pump_5,6056.82,FWD DG RU,2024-06-06,811.62,0.73,69.3,1.29,3.74,0.218,59.18,76.55
PWLS,DG1,PWLS_DG1,DG1_Pump_6,6659.49,FWD DG RU,2021-10-05,811.62,0.73,69.3,1.29,3.74,0.218,59.18,76.55
PWLS,DG1,PWLS_DG1,DG1_Pump_6,6787.13,FWD DG RU,2022-07-15,811.62,0.73,69.3,1.29,3.74,0.218,59.18,76.55
PWLS,DG1,PWLS_DG1,DG1_Pump_6,7822.69,FWD DG RU,2023-06-06,811.62,0.73,69.3,1.29,3.74,0.218,59.18,76.55
PWLS,DG1,PWLS_DG1,DG1_Pump_6,7095.85,FWD DG RU,2024-03-28,811.62,0.73,69.3,1.29,3.74,0.218,59.18,76.55
PWLS,DG1,PWLS_DG1,DG1_Pump_7,7239.36,FWD DG RU,2021-10-29,811.62,0.73,69.3,1.29,3.74,0.218,59.18,76.55
PWLS,DG1,PWLS_DG1,DG1_Pump_7,7992.1,FWD DG RU,2022-09-28,811.62,0.73,69.3,1.29,3.74,0.218,59.18,76.55
PWLS,DG1,PWLS_DG1,DG1_Pump_7,6214.03,FWD DG RU,2023-06-14,811.62,0.73,69.3,1.29,3.74,0.218,59.18,76.55
PWLS,DG1,PWLS_DG1,DG1_Pump_7,7118.72,FWD DG RU,2024-04-06,811.62,0.73,69.3,1.29,3.74,0.218,59.18,76.55
PWLS,DG1,PWLS_DG1,DG1_Pump_8,7978.8,FWD DG RU,2021-11-29,811.62,0.73,69.3,1.29,3.74,0.218,59.18,76.55
PWLS,DG1,PWLS_DG1,DG1_Pump_8,7778.9,FWD DG RU,2022-10-20,811.62,0.73,69.3,1.29,3.74,0.218,59.18,76.55
PWLS,DG1,PWLS_DG1,DG1_Pump_8,7285.56,FWD DG RU,2023-08-20,811.62,0.73,69.3,1.29,3.74,0.218,59.18,76.55
PWLS,DG1,PWLS_DG1,DG1_Pump_8,7876.59,FWD DG RU,2024-07-14,811.62,0.73,69.3,1.29,3.74,0.218,59.18,76.55
PWLS,DG1,PWLS_DG1,DG1_Pump_9,6972.07,FWD DG RU,2021-10-18,811.62,0.73,69.3,1.29,3.74,0.218,59.18,76.55
PWLS,DG1,PWLS_DG1,DG1_Pump_9,6148.14,FWD DG RU,2022-07-02,811.62,0.73,69.3,1.29,3.74,0.218,59.18,76.55
PWLS,DG1,PWLS_DG1,DG1_Pump_9,6212.45,FWD DG RU,2023-03-18,811.62,0.73,69.3,1.29,3.74,0.218,59.18,76.55
PWLS,DG1,PWLS_DG1,DG1_Pump_9,7717.71,FWD DG RU,2024-02-03,811.62,0.73,69.3,1.29,3.74,0.218,59.18,76.55
PWLS,DG1,PWLS_DG1,DG1_Pump_10,8440.92,FWD DG RU,2021-12-18,811.62,0.73,69.3,1.29,3.74,0.218,59.18,76.55
PWLS,DG1,PWLS_DG1,DG1_Pump_10,7474.86,FWD DG RU,2022-10-26,811.62,0.73,69.3,1.29,3.74,0.218,59.18,76.55
PWLS,DG1,PWLS_DG1,DG1_Pump_10,6290.44,FWD DG RU,2023-07-16,811.62,0.73,69.3,1.29,3.74,0.218,59.18,76.55
PWLS,DG1,PWLS_DG1,DG1_Pump_10,7947.66,FWD DG RU,2024-06-12,811.62,0.73,69.3,1.29,3.74,0.218,59.18,76.55
PWLS,DG1,PWLS_DG1,DG1_Pump_11,8089.05,FWD DG RU,2021-12-04,811.62,0.73,69.3,1.29,3.74,0.218,59.18,76.55
PWLS,DG1,PWLS_DG1,DG1_Pump_11,8200.65,FWD DG RU,2022-11-11,811.62,0.73,69.3,1.29,3.74,0.218,59.18,76.55
PWLS,DG1,PWLS_DG1,DG1_Pump_11,6725.26,FWD DG RU,2023-08-19,811.62,0.73,69.3,1.29,3.74,0.218,59.18,76.55
PWLS,DG1,PWLS_DG1,DG1_Pump_11,6156.46,FWD DG RU,2024-05-02,811.62,0.73,69.3,1.29,3.74,0.218,59.18,76.55
PWLS,DG1,PWLS_DG1,DG1_Pump_12,6858.16,FWD DG RU,2021-10-13,811.62,0.73,69.3,1.29,3.74,0.218,59.18,76.55
PWLS,DG1,PWLS_DG1,DG1_Pump_12,6494.12,FWD DG RU,2022-07-11,811.62,0.73,69.3,1.29,3.74,0.218,59.18,76.55
PWLS,DG1,PWLS_DG1,DG1_Pump_12,6006.27,FWD DG RU,2023-03-19,811.62,0.73,69.3,1.29,3.74,0.218,59.18,76.55
PWLS,DG1,PWLS_DG1,DG1_Pump_12,8849.79,FWD DG RU,2024-03-22,811.62,0.73,69.3,1.29,3.74,0.218,59.18,76.55
PWLS,DG1,PWLS_DG1,DG1_Pump_13,5942.35,FWD DG RU,2021-09-05,811.62,0.73,69.3,1.29,3.74,0.218,59.18,76.55
PWLS,DG1,PWLS_DG1,DG1_Pump_13,8219.28,FWD DG RU,2022-08-14,811.62,0.73,69.3,1.29,3.74,0.218,59.18,76.55
PWLS,DG1,PWLS_DG1,DG1_Pump_13,6288.36,FWD DG RU,2023-05-04,811.62,0.73,69.3,1.29,3.74,0.218,59.18,76.55
PWLS,DG1,PWLS_DG1,DG1_Pump_13,6342.13,FWD DG RU,2024-01-24,811.62,0.73,69.3,1.29,3.74,0.218,59.18,76.55
PWLS,DG1,PWLS_DG1,DG1_Pump_14,6916.0,FWD DG RU,2021-10-16,811.62,0.73,69.3,1.29,3.74,0.218,59.18,76.55
PWLS,DG1,PWLS_DG1,DG1_Pump_14,6721.1,FWD DG RU,2022-07-24,811.62,0.73,69.3,1.29,3.74,0.218,59.18,76.55
PWLS,DG1,PWLS_DG1,DG1_Pump_14,7767.47,FWD DG RU,2023-06-13,811.62,0.73,69.3,1.29,3.74,0.218,59.18,76.55
PWLS,DG1,PWLS_DG1,DG1_Pump_14,7386.55,FWD DG RU,2024-04-16,811.62,0.73,69.3,1.29,3.74,0.218,59.18,76.55
PWLS,DG1,PWLS_DG1,DG1_Pump_15,7487.66,FWD DG RU,2021-11-08,811.62,0.73,69.3,1.29,3.74,0.218,59.18,76.55
PWLS,DG1,PWLS_DG1,DG1_Pump_15,7336.36,FWD DG RU,2022-09-10,811.62,0.73,69.3,1.29,3.74,0.218,59.18,76.55
PWLS,DG1,PWLS_DG1,DG1_Pump_15,7085.19,FWD DG RU,2023-07-03,811.62,0.73,69.3,1.29,3.74,0.218,59.18,76.55
PWLS,DG1,PWLS_DG1,DG1_Pump_15,7534.75,FWD DG RU,2024-05-12,811.62,0.73,69.3,1.29,3.74,0.218,59.18,76.55
PWLS,DG1,PWLS_DG1,DG1_Pump_16,7159.14,FWD DG RU,2021-10-26,811.62,0.73,69.3,1.29,3.74,0.218,59.18,76.55
PWLS,DG1,PWLS_DG1,DG1_Pump_16,7338.34,FWD DG RU,2022-08-28,811.62,0.73,69.3,1.29,3.74,0.218,59.18,76.55
PWLS,DG1,PWLS_DG1,DG1_Pump_16,7790.17,FWD DG RU,2023-07-19,811.62,0.73,69.3,1.29,3.74,0.218,59.18,76.55
PWLS,DG1,PWLS_DG1,DG1_Pump_16,8266.6,FWD DG RU,2024-06-28,811.62,0.73,69.3,1.29,3.74,0.218,59.18,76.55
PWLS,DG2,PWLS_DG2,DG2_Pump_1,8336.37,FWD DG RU,2021-12-14,811.62,0.73,69.3,1.29,3.74,0.218,59.18,76.55
PWLS,DG2,PWLS_DG2,DG2_Pump_1,5937.88,FWD DG RU,2022-08-19,811.62,0.73,69.3,1.29,3.74,0.218,59.18,76.55
PWLS,DG2,PWLS_DG2,DG2_Pump_1,6035.03,FWD DG RU,2023-04-28,811.62,0.73,69.3,1.29,3.74,0.218,59.18,76.55
PWLS,DG2,PWLS_DG2,DG2_Pump_1,8775.03,FWD DG RU,2024-04-28,811.62,0.73,69.3,1.29,3.74,0.218,59.18,76.55
PWLS,DG2,PWLS_DG2,DG2_Pump_2,6338.88,FWD DG RU,2021-09-22,811.62,0.73,69.3,1.29,3.74,0.218,59.18,76.55
PWLS,DG2,PWLS_DG2,DG2_Pump_2,6160.37,FWD DG RU,2022-06-06,811.62,0.73,69.3,1.29,3.74,0.218,59.18,76.55
PWLS,DG2,PWLS_DG2,DG2_Pump_2,7037.18,FWD DG RU,2023-03-27,811.62,0.73,69.3,1.29,3.74,0.218,59.18,76.55
PWLS,DG2,PWLS_DG2,DG2_Pump_2,7996.72,FWD DG RU,2024-02-24,811.62,0.73,69.3,1.29,3.74,0.218,59.18,76.55
PWLS,DG2,PWLS_DG2,DG2_Pump_3,7046.77,FWD DG RU,2021-10-21,811.62,0.73,69.3,1.29,3.74,0.218,59.18,76.55
PWLS,DG2,PWLS_DG2,DG2_Pump_3,6615.79,FWD DG RU,2022-07-24,811.62,0.73,69.3,1.29,3.74,0.218,59.18,76.55
PWLS,DG2,PWLS_DG2,DG2_Pump_3,7835.17,FWD DG RU,2023-06-16,811.62,0.73,69.3,1.29,3.74,0.218,59.18,76.55
PWLS,DG2,PWLS_DG2,DG2_Pump_3,6472.19,FWD DG RU,2024-03-12,811.62,0.73,69.3,1.29,3.74,0.218,59.18,76.55
PWLS,DG2,PWLS_DG2,DG2_Pump_4,8678.2,FWD DG RU,2021-12-28,811.62,0.73,69.3,1.29,3.74,0.218,59.18,76.55
PWLS,DG2,PWLS_DG2,DG2_Pump_4,8890.73,FWD DG RU,2023-01-03,811.62,0.73,69.3,1.29,3.74,0.218,59.18,76.55
PWLS,DG2,PWLS_DG2,DG2_Pump_4,6066.27,FWD DG RU,2023-09-13,811.62,0.73,69.3,1.29,3.74,0.218,59.18,76.55
PWLS,DG2,PWLS_DG2,DG2_Pump_4,6537.82,FWD DG RU,2024-06-12,811.62,0.73,69.3,1.29,3.74,0.218,59.18,76.55
PWLS,DG2,PWLS_DG2,DG2_Pump_5,7009.25,FWD DG RU,2021-10-20,811.62,0.73,69.3,1.29,3.74,0.218,59.18,76.55
PWLS,DG2,PWLS_DG2,DG2_Pump_5,8516.44,FWD DG RU,2022-10-10,811.62,0.73,69.3,1.29,3.74,0.218,59.18,76.55
PWLS,DG2,PWLS_DG2,DG2_Pump_5,8310.56,FWD DG RU,2023-09-22,811.62,0.73,69.3,1.29,3.74,0.218,59.18,76.55
PWLS,DG2,PWLS_DG2,DG2_Pump_5,8516.11,FWD DG RU,2024-09-11,811.62,0.73,69.3,1.29,3.74,0.218,59.18,76.55
PWLS,DG2,PWLS_DG2,DG2_Pump_6,6164.55,FWD DG RU,2021-09-14,811.62,0.73,69.3,1.29,3.74,0.218,59.18,76.55
PWLS,DG2,PWLS_DG2,DG2_Pump_6,7148.11,FWD DG RU,2022-07-09,811.62,0.73,69.3,1.29,3.74,0.218,59.18,76.55
PWLS,DG2,PWLS_DG2,DG2_Pump_6,7466.33,FWD DG RU,2023-05-17,811.62,0.73,69.3,1.29,3.74,0.218,59.18,76.55
PWLS,DG2,PWLS_DG2,DG2_Pump_6,7208.56,FWD DG RU,2024-03-13,811.62,0.73,69.3,1.29,3.74,0.218,59.18,76.55
PWLS,DG2,PWLS_DG2,DG2_Pump_7,7444.29,FWD DG RU,2021-11-07,811.62,0.73,69.3,1.29,3.74,0.218,59.18,76.55
PWLS,DG2,PWLS_DG2,DG2_Pump_7,7608.74,FWD DG RU,2022-09-21,811.62,0.73,69.3,1.29,3.74,0.218,59.18,76.55
PWLS,DG2,PWLS_DG2,DG2_Pump_7,5976.29,FWD DG RU,2023-05-29,811.62,0.73,69.3,1.29,3.74,0.218,59.18,76.55
PWLS,DG2,PWLS_DG2,DG2_Pump_7,7708.99,FWD DG RU,2024-04-15,811.62,0.73,69.3,1.29,3.74,0.218,59.18,76.55
PWLS,DG2,PWLS_DG2,DG2_Pump_8,7344.63,FWD DG RU,2021-11-03,811.62,0.73,69.3,1.29,3.74,0.218,59.18,76.55
PWLS,DG2,PWLS_DG2,DG2_Pump_8,6354.95,FWD DG RU,2022-07-26,811.62,0.73,69.3,1.29,3.74,0.218,59.18,76.55
PWLS,DG2,PWLS_DG2,DG2_Pump_8,8432.11,FWD DG RU,2023-07-13,811.62,0.73,69.3,1.29,3.74,0.218,59.18,76.55
PWLS,DG2,PWLS_DG2,DG2_Pump_8,6580.03,FWD DG RU,2024-04-13,811.62,0.73,69.3,1.29,3.74,0.218,59.18,76.55
PWLS,DG2,PWLS_DG2,DG2_Pump_9,5988.86,FWD DG RU,2021-09-07,811.62,0.73,69.3,1.29,3.74,0.218,59.18,76.55
PWLS,DG2,PWLS_DG2,DG2_Pump_9,8353.04,FWD DG RU,2022-08-22,811.62,0.73,69.3,1.29,3.74,0.218,59.18,76.55
PWLS,DG2,PWLS_DG2,DG2_Pump_9,6542.24,FWD DG RU,2023-05-22,811.62,0.73,69.3,1.29,3.74,0.218,59.18,76.55
PWLS,DG2,PWLS_DG2,DG2_Pump_9,6781.53,FWD DG RU,2024-02-29,811.62,0.73,69.3,1.29,3.74,0.218,59.18,76.55
PWLS,DG2,PWLS_DG2,DG2_Pump_10,7541.12,FWD DG RU,2021-11-11,811.62,0.73,69.3,1.29,3.74,0.218,59.18,76.55
PWLS,DG2,PWLS_DG2,DG2_Pump_10,8047.71,FWD DG RU,2022-10-13,811.62,0.73,69.3,1.29,3.74,0.218,59.18,76.55
PWLS,DG2,PWLS_DG2,DG2_Pump_10,6048.88,FWD DG RU,2023-06-23,811.62,0.73,69.3,1.29,3.74,0.218,59.18,76.55
PWLS,DG2,PWLS_DG2,DG2_Pump_10,8689.0,FWD DG RU,2024-06-20,811.62,0.73,69.3,1.29,3.74,0.218,59.18,76.55
PWLS,DG2,PWLS_DG2,DG2_Pump_11,6727.19,FWD DG RU,2021-10-08,811.62,0.73,69.3,1.29,3.74,0.218,59.18,76.55
PWLS,DG2,PWLS_DG2,DG2_Pump_11,5968.84,FWD DG RU,2022-06-14,811.62,0.73,69.3,1.29,3.74,0.218,59.18,76.55
PWLS,DG2,PWLS_DG2,DG2_Pump_11,8805.46,FWD DG RU,2023-06-16,811.62,0.73,69.3,1.29,3.74,0.218,59.18,76.55
PWLS,DG2,PWLS_DG2,DG2_Pump_11,5957.18,FWD DG RU,2024-02-20,811.62,0.73,69.3,1.29,3.74,0.218,59.18,76.55
PWLS,DG2,PWLS_DG2,DG2_Pump_12,7454.22,FWD DG RU,2021-11-07,811.62,0.73,69.3,1.29,3.74,0.218,59.18,76.55
PWLS,DG2,PWLS_DG2,DG2_Pump_12,6264.52,FWD DG RU,2022-07-27,811.62,0.73,69.3,1.29,3.74,0.218,59.18,76.55
PWLS,DG2,PWLS_DG2,DG2_Pump_12,7939.73,FWD DG RU,2023-06-23,811.62,0.73,69.3,1.29,3.74,0.218,59.18,76.55
PWLS,DG2,PWLS_DG2,DG2_Pump_12,6468.56,FWD DG RU,2024-03-19,811.62,0.73,69.3,1.29,3.74,0.218,59.18,76.55
PWLS,DG2,PWLS_DG2,DG2_Pump_13,8645.85,FWD DG RU,2021-12-27,811.62,0.73,69.3,1.29,3.74,0.218,59.18,76.55
PWLS,DG2,PWLS_DG2,DG2_Pump_13,7751.03,FWD DG RU,2022-11-15,811.62,0.73,69.3,1.29,3.74,0.218,59.18,76.55
PWLS,DG2,PWLS_DG2,DG2_Pump_13,7259.72,FWD DG RU,2023-09-14,811.62,0.73,69.3,1.29,3.74,0.218,59.18,76.55
PWLS,DG2,PWLS_DG2,DG2_Pump_13,7706.03,FWD DG RU,2024-08-01,811.62,0.73,69.3,1.29,3.74,0.218,59.18,76.55
PWLS,DG2,PWLS_DG2,DG2_Pump_14,6484.89,FWD DG RU,2021-09-28,811.62,0.73,69.3,1.29,3.74,0.218,59.18,76.55
PWLS,DG2,PWLS_DG2,DG2_Pump_14,8589.73,FWD DG RU,2022-09-21,811.62,0.73,69.3,1.29,3.74,0.218,59.18,76.55
PWLS,DG2,PWLS_DG2,DG2_Pump_14,7928.19,FWD DG RU,2023-08-18,811.62,0.73,69.3,1.29,3.74,0.218,59.18,76.55
PWLS,DG2,PWLS_DG2,DG2_Pump_14,7606.19,FWD DG RU,2024-06-30,811.62,0.73,69.3,1.29,3.74,0.218,59.18,76.55
PWLS,DG2,PWLS_DG2,DG2_Pump_15,6957.44,FWD DG RU,2021-10-17,811.62,0.73,69.3,1.29,3.74,0.218,59.18,76.55
PWLS,DG2,PWLS_DG2,DG2_Pump_15,7389.83,FWD DG RU,2022-08-21,811.62,0.73,69.3,1.29,3.74,0.218,59.18,76.55
PWLS,DG2,PWLS_DG2,DG2_Pump_15,6771.64,FWD DG RU,2023-05-31,811.62,0.73,69.3,1.29,3.74,0.218,59.18,76.55
PWLS,DG2,PWLS_DG2,DG2_Pump_15,6602.91,FWD DG RU,2024-03-02,811.62,0.73,69.3,1.29,3.74,0.218,59.18,76.55
PWLS,DG2,PWLS_DG2,DG2_Pump_16,8228.02,FWD DG RU,2021-12-09,811.62,0.73,69.3,1.29,3.74,0.218,59.18,76.55
PWLS,DG2,PWLS_DG2,DG2_Pump_16,6113.37,FWD DG RU,2022-08-21,811.62,0.73,69.3,1.29,3.74,0.218,59.18,76.55
PWLS,DG2,PWLS_DG2,DG2_Pump_16,8259.72,FWD DG RU,2023-08-01,811.62,0.73,69.3,1.29,3.74,0.218,59.18,76.55
PWLS,DG2,PWLS_DG2,DG2_Pump_16,7106.0,FWD DG RU,2024-05-24,811.62,0.73,69.3,1.29,3.74,0.218,59.18,76.55
PWLS,DG3,PWLS_DG3,DG3_Pump_1,6965.13,AFT DG RU,2021-10-18,813.32,0.82,68.75,1.35,4.64,0.189,45.7,92.17
PWLS,DG3,PWLS_DG3,DG3_Pump_1,6305.93,AFT DG RU,2022-07-08,813.32,0.82,68.75,1.35,4.64,0.189,45.7,92.17
PWLS,DG3,PWLS_DG3,DG3_Pump_1,8037.29,AFT DG RU,2023-06-08,813.32,0.82,68.75,1.35,4.64,0.189,45.7,92.17
PWLS,DG3,PWLS_DG3,DG3_Pump_1,6119.91,AFT DG RU,2024-02-18,813.32,0.82,68.75,1.35,4.64,0.189,45.7,92.17
PWLS,DG3,PWLS_DG3,DG3_Pump_2,8766.88,AFT DG RU,2022-01-01,813.32,0.82,68.75,1.35,4.64,0.189,45.7,92.17
PWLS,DG3,PWLS_DG3,DG3_Pump_2,7630.31,AFT DG RU,2022-11-15,813.32,0.82,68.75,1.35,4.64,0.189,45.7,92.17
PWLS,DG3,PWLS_DG3,DG3_Pump_2,6973.04,AFT DG RU,2023-09-02,813.32,0.82,68.75,1.35,4.64,0.189,45.7,92.17
PWLS,DG3,PWLS_DG3,DG3_Pump_2,6914.87,AFT DG RU,2024-06-17,813.32,0.82,68.75,1.35,4.64,0.189,45.7,92.17
PWLS,DG3,PWLS_DG3,DG3_Pump_3,8275.86,AFT DG RU,2021-12-11,813.32,0.82,68.75,1.35,4.64,0.189,45.7,92.17
PWLS,DG3,PWLS_DG3,DG3_Pump_3,6380.56,AFT DG RU,2022-09-03,813.32,0.82,68.75,1.35,4.64,0.189,45.7,92.17
PWLS,DG3,PWLS_DG3,DG3_Pump_3,8571.72,AFT DG RU,2023-08-27,813.32,0.82,68.75,1.35,4.64,0.189,45.7,92.17
PWLS,DG3,PWLS_DG3,DG3_Pump_3,8644.16,AFT DG RU,2024-08-22,813.32,0.82,68.75,1.35,4.64,0.189,45.7,92.17
PWLS,DG3,PWLS_DG3,DG3_Pump_4,6168.56,AFT DG RU,2021-09-15,813.32,0.82,68.75,1.35,4.64,0.189,45.7,92.17
PWLS,DG3,PWLS_DG3,DG3_Pump_4,8411.07,AFT DG RU,2022-09-01,813.32,0.82,68.75,1.35,4.64,0.189,45.7,92.17
PWLS,DG3,PWLS_DG3,DG3_Pump_4,6820.39,AFT DG RU,2023-06-13,813.32,0.82,68.75,1.35,4.64,0.189,45.7,92.17
PWLS,DG3,PWLS_DG3,DG3_Pump_4,8034.38,AFT DG RU,2024-05-13,813.32,0.82,68.75,1.35,4.64,0.189,45.7,92.17
PWLS,DG3,PWLS_DG3,DG3_Pump_5,6546.35,AFT DG RU,2021-09-30,813.32,0.82,68.75,1.35,4.64,0.189,45.7,92.17
PWLS,DG3,PWLS_DG3,DG3_Pump_5,8099.84,AFT DG RU,2022-09-03,813.32,0.82,68.75,1.35,4.64,0.189,45.7,92.17
PWLS,DG3,PWLS_DG3,DG3_Pump_5,8211.53,AFT DG RU,2023-08-12,813.32,0.82,68.75,1.35,4.64,0.189,45.7,92.17
PWLS,DG3,PWLS_DG3,DG3_Pump_5,7428.62,AFT DG RU,2024-06-17,813.32,0.82,68.75,1.35,4.64,0.189,45.7,92.17
PWLS,DG3,PWLS_DG3,DG3_Pump_6,6995.42,AFT DG RU,2021-10-19,813.32,0.82,68.75,1.35,4.64,0.189,45.7,92.17
PWLS,DG3,PWLS_DG3,DG3_Pump_6,7226.04,AFT DG RU,2022-08-17,813.32,0.82,68.75,1.35,4.64,0.189,45.7,92.17
PWLS,DG3,PWLS_DG3,DG3_Pump_6,7188.7,AFT DG RU,2023-06-13,813.32,0.82,68.75,1.35,4.64,0.189,45.7,92.17
PWLS,DG3,PWLS_DG3,DG3_Pump_6,6847.78,AFT DG RU,2024-03-25,813.32,0.82,68.75,1.35,4.64,0.189,45.7,92.17
PWLS,DG3,PWLS_DG3,DG3_Pump_7,6592.09,AFT DG RU,2021-10-02,813.32,0.82,68.75,1.35,4.64,0.189,45.7,92.17
PWLS,DG3,PWLS_DG3,DG3_Pump_7,8784.36,AFT DG RU,2022-10-04,813.32,0.82,68.75,1.35,4.64,0.189,45.7,92.17
PWLS,DG3,PWLS_DG3,DG3_Pump_7,7120.37,AFT DG RU,2023-07-28,813.32,0.82,68.75,1.35,4.64,0.189,45.7,92.17
PWLS,DG3,PWLS_DG3,DG3_Pump_7,7236.1,AFT DG RU,2024-05-25,813.32,0.82,68.75,1.35,4.64,0.189,45.7,92.17
PWLS,DG3,PWLS_DG3,DG3_Pump_8,6554.88,AFT DG RU,2021-10-01,813.32,0.82,68.75,1.35,4.64,0.189,45.7,92.17
PWLS,DG3,PWLS_DG3,DG3_Pump_8,7551.77,AFT DG RU,2022-08-12,813.32,0.82,68.75,1.35,4.64,0.189,45.7,92.17
PWLS,DG3,PWLS_DG3,DG3_Pump_8,6301.75,AFT DG RU,2023-05-02,813.32,0.82,68.75,1.35,4.64,0.189,45.7,92.17
PWLS,DG3,PWLS_DG3,DG3_Pump_8,6759.62,AFT DG RU,2024-02-08,813.32,0.82,68.75,1.35,4.64,0.189,45.7,92.17
PWLS,DG3,PWLS_DG3,DG3_Pump_9,8466.5,AFT DG RU,2021-12-19,813.32,0.82,68.75,1.35,4.64,0.189,45.7,92.17
PWLS,DG3,PWLS_DG3,DG3_Pump_9,8624.12,AFT DG RU,2022-12-14,813.32,0.82,68.75,1.35,4.64,0.189,45.7,92.17
PWLS,DG3,PWLS_DG3,DG3_Pump_9,8460.78,AFT DG RU,2023-12-02,813.32,0.82,68.75,1.35,4.64,0.189,45.7,92.17
PWLS,DG3,PWLS_DG3,DG3_Pump_9,6851.48,AFT DG RU,2024-09-13,813.32,0.82,68.75,1.35,4.64,0.189,45.7,92.17
PWLS,DG3,PWLS_DG3,DG3_Pump_10,6592.46,AFT DG RU,2021-10-02,813.32,0.82,68.75,1.35,4.64,0.189,45.7,92.17
PWLS,DG3,PWLS_DG3,DG3_Pump_10,7852.69,AFT DG RU,2022-08-26,813.32,0.82,68.75,1.35,4.64,0.189,45.7,92.17
PWLS,DG3,PWLS_DG3,DG3_Pump_10,7451.89,AFT DG RU,2023-07-03,813.32,0.82,68.75,1.35,4.64,0.189,45.7,92.17
PWLS,DG3,PWLS_DG3,DG3_Pump_10,8349.24,AFT DG RU,2024-06-15,813.32,0.82,68.75,1.35,4.64,0.189,45.7,92.17
PWLS,DG3,PWLS_DG3,DG3_Pump_11,7217.48,AFT DG RU,2021-10-28,813.32,0.82,68.75,1.35,4.64,0.189,45.7,92.17
PWLS,DG3,PWLS_DG3,DG3_Pump_11,8785.67,AFT DG RU,2022-10-30,813.32,0.82,68.75,1.35,4.64,0.189,45.7,92.17
PWLS,DG3,PWLS_DG3,DG3_Pump_11,7648.44,AFT DG RU,2023-09-14,813.32,0.82,68.75,1.35,4.64,0.189,45.7,92.17
PWLS,DG3,PWLS_DG3,DG3_Pump_11,6333.78,AFT DG RU,2024-06-04,813.32,0.82,68.75,1.35,4.64,0.189,45.7,92.17
PWLS,DG3,PWLS_DG3,DG3_Pump_12,6440.76,AFT DG RU,2021-09-26,813.32,0.82,68.75,1.35,4.64,0.189,45.7,92.17
PWLS,DG3,PWLS_DG3,DG3_Pump_12,6332.23,AFT DG RU,2022-06-17,813.32,0.82,68.75,1.35,4.64,0.189,45.7,92.17
PWLS,DG3,PWLS_DG3,DG3_Pump_12,8096.24,AFT DG RU,2023-05-21,813.32,0.82,68.75,1.35,4.64,0.189,45.7,92.17
PWLS,DG3,PWLS_DG3,DG3_Pump_12,7298.28,AFT DG RU,2024-03-21,813.32,0.82,68.75,1.35,4.64,0.189,45.7,92.17
PWLS,DG4,PWLS_DG4,DG4_Pump_1,7713.43,AFT DG RU,2021-11-18,813.32,0.82,68.75,1.35,4.64,0.189,45.7,92.17
PWLS,DG4,PWLS_DG4,DG4_Pump_1,7377.35,AFT DG RU,2022-09-22,813.32,0.82,68.75,1.35,4.64,0.189,45.7,92.17
PWLS,DG4,PWLS_DG4,DG4_Pump_1,6178.57,AFT DG RU,2023-06-07,813.32,0.82,68.75,1.35,4.64,0.189,45.7,92.17
PWLS,DG4,PWLS_DG4,DG4_Pump_1,6822.66,AFT DG RU,2024-03-18,813.32,0.82,68.75,1.35,4.64,0.189,45.7,92.17
PWLS,DG4,PWLS_DG4,DG4_Pump_2,7964.21,AFT DG RU,2021-11-28,813.32,0.82,68.75,1.35,4.64,0.189,45.7,92.17
PWLS,DG4,PWLS_DG4,DG4_Pump_2,6554.28,AFT DG RU,2022-08-29,813.32,0.82,68.75,1.35,4.64,0.189,45.7,92.17
PWLS,DG4,PWLS_DG4,DG4_Pump_2,7930.95,AFT DG RU,2023-07-26,813.32,0.82,68.75,1.35,4.64,0.189,45.7,92.17
PWLS,DG4,PWLS_DG4,DG4_Pump_2,7010.67,AFT DG RU,2024-05-14,813.32,0.82,68.75,1.35,4.64,0.189,45.7,92.17
PWLS,DG4,PWLS_DG4,DG4_Pump_3,7644.84,AFT DG RU,2021-11-15,813.32,0.82,68.75,1.35,4.64,0.189,45.7,92.17
PWLS,DG4,PWLS_DG4,DG4_Pump_3,7020.82,AFT DG RU,2022-09-04,813.32,0.82,68.75,1.35,4.64,0.189,45.7,92.17
PWLS,DG4,PWLS_DG4,DG4_Pump_3,8000.59,AFT DG RU,2023-08-04,813.32,0.82,68.75,1.35,4.64,0.189,45.7,92.17
PWLS,DG4,PWLS_DG4,DG4_Pump_3,8833.73,AFT DG RU,2024-08-07,813.32,0.82,68.75,1.35,4.64,0.189,45.7,92.17
PWLS,DG4,PWLS_DG4,DG4_Pump_4,7242.82,AFT DG RU,2021-10-29,813.32,0.82,68.75,1.35,4.64,0.189,45.7,92.17
PWLS,DG4,PWLS_DG4,DG4_Pump_4,8690.18,AFT DG RU,2022-10-27,813.32,0.82,68.75,1.35,4.64,0.189,45.7,92.17
PWLS,DG4,PWLS_DG4,DG4_Pump_4,7170.49,AFT DG RU,2023-08-22,813.32,0.82,68.75,1.35,4.64,0.189,45.7,92.17
PWLS,DG4,PWLS_DG4,DG4_Pump_4,7897.64,AFT DG RU,2024-07-17,813.32,0.82,68.75,1.35,4.64,0.189,45.7,92.17
PWLS,DG4,PWLS_DG4,DG4_Pump_5,8191.86,AFT DG RU,2021-12-08,813.32,0.82,68.75,1.35,4.64,0.189,45.7,92.17
PWLS,DG4,PWLS_DG4,DG4_Pump_5,6867.05,AFT DG RU,2022-09-21,813.32,0.82,68.75,1.35,4.64,0.189,45.7,92.17
PWLS,DG4,PWLS_DG4,DG4_Pump_5,6561.62,AFT DG RU,2023-06-22,813.32,0.82,68.75,1.35,4.64,0.189,45.7,92.17
PWLS,DG4,PWLS_DG4,DG4_Pump_5,7393.99,AFT DG RU,2024-04-26,813.32,0.82,68.75,1.35,4.64,0.189,45.7,92.17
PWLS,DG4,PWLS_DG4,DG4_Pump_6,6203.68,AFT DG RU,2021-09-16,813.32,0.82,68.75,1.35,4.64,0.189,45.7,92.17
PWLS,DG4,PWLS_DG4,DG4_Pump_6,7009.54,AFT DG RU,2022-07-06,813.32,0.82,68.75,1.35,4.64,0.189,45.7,92.17
PWLS,DG4,PWLS_DG4,DG4_Pump_6,6941.27,AFT DG RU,2023-04-22,813.32,0.82,68.75,1.35,4.64,0.189,45.7,92.17
PWLS,DG4,PWLS_DG4,DG4_Pump_6,6697.98,AFT DG RU,2024-01-27,813.32,0.82,68.75,1.35,4.64,0.189,45.7,92.17
PWLS,DG4,PWLS_DG4,DG4_Pump_7,8079.9,AFT DG RU,2021-12-03,813.32,0.82,68.75,1.35,4.64,0.189,45.7,92.17
PWLS,DG4,PWLS_DG4,DG4_Pump_7,6816.08,AFT DG RU,2022-09-14,813.32,0.82,68.75,1.35,4.64,0.189,45.7,92.17
PWLS,DG4,PWLS_DG4,DG4_Pump_7,8146.6,AFT DG RU,2023-08-20,813.32,0.82,68.75,1.35,4.64,0.189,45.7,92.17
PWLS,DG4,PWLS_DG4,DG4_Pump_7,6321.82,AFT DG RU,2024-05-10,813.32,0.82,68.75,1.35,4.64,0.189,45.7,92.17
PWLS,DG4,PWLS_DG4,DG4_Pump_8,7994.72,AFT DG RU,2021-11-30,813.32,0.82,68.75,1.35,4.64,0.189,45.7,92.17
PWLS,DG4,PWLS_DG4,DG4_Pump_8,7477.0,AFT DG RU,2022-10-08,813.32,0.82,68.75,1.35,4.64,0.189,45.7,92.17
PWLS,DG4,PWLS_DG4,DG4_Pump_8,9126.51,AFT DG RU,2023-10-24,813.32,0.82,68.75,1.35,4.64,0.189,45.7,92.17
PWLS,DG4,PWLS_DG4,DG4_Pump_8,7622.11,AFT DG RU,2024-09-06,813.32,0.82,68.75,1.35,4.64,0.189,45.7,92.17
PWLS,DG4,PWLS_DG4,DG4_Pump_9,6566.59,AFT DG RU,2021-10-01,813.32,0.82,68.75,1.35,4.64,0.189,45.7,92.17
PWLS,DG4,PWLS_DG4,DG4_Pump_9,8392.56,AFT DG RU,2022-09-16,813.32,0.82,68.75,1.35,4.64,0.189,45.7,92.17
PWLS,DG4,PWLS_DG4,DG4_Pump_9,7077.71,AFT DG RU,2023-07-08,813.32,0.82,68.75,1.35,4.64,0.189,45.7,92.17
PWLS,DG4,PWLS_DG4,DG4_Pump_9,8811.09,AFT DG RU,2024-07-10,813.32,0.82,68.75,1.35,4.64,0.189,45.7,92.17
PWLS,DG4,PWLS_DG4,DG4_Pump_10,7533.69,AFT DG RU,2021-11-10,813.32,0.82,68.75,1.35,4.64,0.189,45.7,92.17
PWLS,DG4,PWLS_DG4,DG4_Pump_10,8220.6,AFT DG RU,2022-10-19,813.32,0.82,68.75,1.35,4.64,0.189,45.7,92.17
PWLS,DG4,PWLS_DG4,DG4_Pump_10,6457.77,AFT DG RU,2023-07-16,813.32,0.82,68.75,1.35,4.64,0.189,45.7,92.17
PWLS,DG4,PWLS_DG4,DG4_Pump_10,8553.89,AFT DG RU,2024-07-07,813.32,0.82,68.75,1.35,4.64,0.189,45.7,92.17
PWLS,DG4,PWLS_DG4,DG4_Pump_11,6152.67,AFT DG RU,2021-09-14,813.32,0.82,68.75,1.35,4.64,0.189,45.7,92.17
PWLS,DG4,PWLS_DG4,DG4_Pump_11,6559.22,AFT DG RU,2022-06-15,813.32,0.82,68.75,1.35,4.64,0.189,45.7,92.17
PWLS,DG4,PWLS_DG4,DG4_Pump_11,8557.11,AFT DG RU,2023-06-07,813.32,0.82,68.75,1.35,4.64,0.189,45.7,92.17
PWLS,DG4,PWLS_DG4,DG4_Pump_11,8948.95,AFT DG RU,2024-06-14,813.32,0.82,68.75,1.35,4.64,0.189,45.7,92.17
PWLS,DG4,PWLS_DG4,DG4_Pump_12,7616.77,AFT DG RU,2021-11-14,813.32,0.82,68.75,1.35,4.64,0.189,45.7,92.17
PWLS,DG4,PWLS_DG4,DG4_Pump_12,6628.49,AFT DG RU,2022-08-18,813.32,0.82,68.75,1.35,4.64,0.189,45.7,92.17
PWLS,DG4,PWLS_DG4,DG4_Pump_12,6113.64,AFT DG RU,2023-04-30,813.32,0.82,68.75,1.35,4.64,0.189,45.7,92.17
PWLS,DG4,PWLS_DG4,DG4_Pump_12,7334.11,AFT DG RU,2024-03-01,813.32,0.82,68.75,1.35,4.64,0.189,45.7,92.17
